{"cameraMode":{"drawMode":0,"name":"Shaded","section":"Shading Mode"},"sceneLighting":false,"audioPlay":false,"sceneViewState":{"showFog":true,"showMaterialUpdate":false,"showSkybox":true,"showFlares":true,"showImageEffects":true,"showParticleSystems":true},"in2DMode":false,"pivot":{"x":-2.2762222290039064,"y":0.02462005615234375,"z":100.0},"rotation":{"x":0.04824184253811836,"y":0.045242153108119968,"z":-0.0021870285272598268,"w":0.99781334400177},"size":233.34524536132813,"orthographic":false}